<?xml version="1.0" encoding="UTF-8"?>
<!DOCTYPE hibernate-configuration PUBLIC
        "-//Hibernate/Hibernate Configuration DTD 3.0//EN"
        "http://www.hibernate.org/dtd/hibernate-configuration-3.0.dtd">
<hibernate-configuration>
    <session-factory>
        <property name="hibernate.dialect">org.hibernate.dialect.MySQL5Dialect</property>
        <property name="hibernate.connection.url">jdbc:mysql://106.54.101.125:3306/MonkeyDocDB</property>
        <property name="hibernate.connection.username">root</property>
        <property name="hibernate.connection.password">monkeydoc123</property>
        <property name="format_sql">true</property>
        <property name="connection.autocommit">true</property>
        <property name="hibernate.current_session_context_class">org.springframework.orm.hibernate4.SpringSessionContext</property>
    </session-factory>
</hibernate-configuration>